{"cameraMode":{"drawMode":0,"name":"Shaded","section":"Shading Mode"},"sceneLighting":false,"audioPlay":false,"sceneViewState":{"m_AlwaysRefresh":false,"showFog":true,"showSkybox":false,"showFlares":true,"showImageEffects":true,"showParticleSystems":true,"showVisualEffectGraphs":true,"m_FxEnabled":true},"in2DMode":false,"pivot":{"x":-0.8697757720947266,"y":-0.06517159938812256,"z":0.18003776669502259},"rotation":{"x":0.07486787438392639,"y":-0.7290948033332825,"z":0.08083435893058777,"w":0.6755539774894714},"size":0.9698731899261475,"orthographic":false}