{"cameraMode":{"drawMode":0,"name":"Shaded","section":"Shading Mode"},"sceneLighting":false,"audioPlay":false,"sceneViewState":{"m_AlwaysRefresh":false,"showFog":true,"showSkybox":false,"showFlares":true,"showImageEffects":true,"showParticleSystems":true,"showVisualEffectGraphs":true,"m_FxEnabled":true},"in2DMode":false,"pivot":{"x":-0.00006193667650222778,"y":0.00017461180686950684,"z":0.0000024479813873767854},"rotation":{"x":-0.1218293085694313,"y":0.683011531829834,"z":-0.1171223521232605,"w":-0.7106099724769592},"size":0.6308799982070923,"orthographic":false}